"","at0.temperature.raw","at1.temperature.raw","at2.temperature.raw","at3.temperature.raw","co.concentration.raw","h2s.concentration.raw","lps25h.pressure.raw","lps25h.temperature.raw","no2.concentration.raw","o3.concentration.raw","oxidizing_gases.concentration.raw","reducing_gases.concentration.raw","si1145.ir_intensity.raw","si1145.uv_intensity.raw","si1145.visible_light_intensity.raw","so2.concentration.raw","at0.temperature.hrf","at1.temperature.hrf","at2.temperature.hrf","at3.temperature.hrf","co.concentration.hrf","h2s.concentration.hrf","lps25h.pressure.hrf","lps25h.temperature.hrf","no2.concentration.hrf","o3.concentration.hrf","oxidizing_gases.concentration.hrf","reducing_gases.concentration.hrf","si1145.ir_intensity.hrf","si1145.uv_intensity.hrf","si1145.visible_light_intensity.hrf","so2.concentration.hrf"
"2018-03-12 15:00",504,533,591,641,45466.5,3481,100058,753.5,27641,48918.5,756282,89568.5,2489.5,71,426,3471.5,5.04,5.33,5.91,6.41,10.930715,-0.561285,1000.58,7.535,0.367455,0,39.77855,1.37063,NA,NA,NA,2.85594
"2018-03-12 16:00",578.702898550725,608.130434782609,665.601449275362,715.36231884058,21413.5652173913,1962.14492753623,100036.333333333,838.971014492754,10723.1884057971,20461.5362318841,241961.68115942,31138.2246376812,3143.6231884058,87.7608695652173,466.224637681159,1251.05797101449,5.78702898550725,6.08130434782609,6.65601449275362,7.1536231884058,4.88611710144928,-0.203219057971014,1000.36333333333,8.38971014492754,0.160410942028986,0,10.6998755797101,0.431990797101449,NA,NA,NA,1.01468217391304
"2018-03-12 17:00",659.153284671533,689.138686131387,747.109489051095,797.240875912409,12317.6350364964,882.897810218977,100035.350364964,924.810218978102,4223.48905109489,10749.795620438,110240.99270073,16588.3576642336,3301.22627737226,92.3649635036496,477.124087591241,918.29197080292,6.59153284671533,6.89138686131387,7.47109489051095,7.97240875912409,2.57686671532847,-0.089411094890511,1000.35350364964,9.24810218978102,0.101196423357664,0.000275328467153285,4.14243583941606,0.226145693430657,NA,NA,NA,0.453145766423358
"2018-03-12 18:00",684.62962962963,714.42962962963,773.555555555556,824.851851851852,10042.9407407407,1139.26666666667,100016.992592593,949.103703703704,2898.15555555556,8723.43703703704,83279.9555555556,14347.0074074074,4319.05185185185,125.014814814815,554.911111111111,517.511111111111,6.8462962962963,7.1442962962963,7.73555555555556,8.24851851851852,1.99537881481481,-0.0480056296296296,1000.16992592593,9.49103703703704,0.085178962962963,0.00349503703703704,2.91998792592593,0.178266740740741,NA,NA,NA,0.240132888888889
"2018-03-12 19:00",496.511278195489,521.684210526316,575.714285714286,624.278195488722,7152.18796992481,876.165413533835,100022.007518797,745.736842105263,2125.90977443609,7042.48120300752,56516.9097744361,11923.5714285714,2788.15789473684,80.3308270676692,448.451127819549,402.112781954887,4.96511278195489,5.21684210526316,5.75714285714286,6.24278195488722,1.35695744360902,-0.0342770676691729,1000.22007518797,7.45736842105263,0.0635526315789474,0.00928834586466165,1.84692571428571,0.148588947368421,NA,NA,NA,0.171679172932331
"2018-03-12 20:00",493.954887218045,521.436090225564,578.714285714286,629.563909774436,6770.04511278196,591.789473684211,100031.894736842,746.984962406015,1745.97744360902,6531.06015037594,50041.3533834586,11155.4736842105,2482.54887218045,69.8345864661654,423.526315789474,337.436090225564,4.93954887218045,5.21436090225564,5.78714285714286,6.29563909774436,1.26097315789474,-0.0281681954887218,1000.31894736842,7.46984962406015,0.0516184210526316,0.0187284210526316,1.51888496240602,0.134621127819549,NA,NA,NA,0.135874962406015
"2018-03-12 21:00",412.859259259259,439.762962962963,496.518518518519,547.474074074074,5918.68148148148,343.466666666666,100081.177777778,661.57037037037,1663.46666666667,6038.36296296296,41783.7407407407,10216.4,1743.68888888889,46.1407407407407,367.118518518518,316.992592592593,4.12859259259259,4.39762962962963,4.96518518518519,5.47474074074074,1.07898074074074,-0.0295465185185185,1000.81177777778,6.6157037037037,0.047654,0.0157408888888889,1.16640222222222,0.122981185185185,NA,NA,NA,0.137634222222222
"2018-03-12 22:00",368.303703703704,395.259259259259,451.896296296296,502.303703703704,5384.97037037037,322.644444444445,100128.207407407,614.296296296296,1371.25925925926,5767.75555555556,37126.2074074074,9632.47407407407,937.42962962963,23.6962962962963,313.62962962963,8.17037037037067,3.68303703703704,3.95259259259259,4.51896296296296,5.02303703703704,0.961526148148148,-0.0122167407407407,1001.28207407407,6.14296296296296,0.0386560740740741,0.0249132592592593,1.02157259259259,0.0982973333333333,NA,NA,NA,0.0418112592592593
"2018-03-12 23:00",397.897058823529,429.044117647059,491.036764705882,544.492647058824,5397.50735294118,214.669117647059,100191.007352941,653.213235294118,1361.42647058824,5152.97794117647,36619,9173.75,404.382352941176,6.44117647058824,271.786764705882,127.897058823529,3.97897058823529,4.29044117647059,4.91036764705882,5.44492647058823,0.951739779411765,-0.0191508823529412,1001.91007352941,6.53213235294118,0.0361851470588235,0.0171458823529412,0.968108161764706,0.100225220588235,NA,NA,NA,0.0717872794117647
"2018-03-13 00:00",391.812030075188,427.022556390977,493.639097744361,549.759398496241,5394.95488721804,431.631578947368,100236.45112782,651.383458646617,1520.84962406015,5127.06015037594,34558.8872180451,8896.32330827068,257.428571428571,2.39097744360902,260.842105263158,90.3759398496241,3.91812030075188,4.27022556390977,4.93639097744361,5.49759398496241,0.951176165413534,-0.0185861654135338,1002.3645112782,6.51383458646617,0.0365618796992481,0.0137536842105263,0.809377894736842,0.0938938345864662,NA,NA,NA,0.0673027819548872
"2018-03-13 01:00",363.281481481481,400.088888888889,467.474074074074,523.051851851852,5265.19259259259,967.407407407407,100238.844444444,623.222222222222,1423.45925925926,4511.40740740741,33129.9777777778,8276.82222222222,254.896296296296,2.37037037037037,260.4,129.814814814815,3.63281481481481,4.00088888888889,4.67474074074074,5.23051851851852,0.928367481481482,-0.0132781481481482,1002.38844444444,6.23222222222222,0.030964962962963,0.0105403703703704,0.745937407407407,0.0914639259259259,NA,NA,NA,0.0490716296296296
"2018-03-13 02:00",309.558823529412,343.242647058824,407.558823529412,462.022058823529,4767.04411764706,467.617647058823,100262.183823529,561.786764705882,1338.94852941176,4650.96323529412,29827.7794117647,8047.47794117647,254.5,2.41176470588235,260.066176470588,202.330882352941,3.09558823529412,3.43242647058824,4.07558823529412,4.62022058823529,0.823681544117647,-0.0198208088235294,1002.62183823529,5.61786764705882,0.0296527205882353,0.0156024264705882,0.649767426470588,0.0916790441176471,NA,NA,NA,0.0821611764705882
"2018-03-13 03:00",329.807407407407,365.459259259259,431.57037037037,486.651851851852,4700.88148148148,642.525925925926,100294.274074074,585.940740740741,1422.32592592593,4501.06666666667,29172.1481481481,8071.73333333333,256.066666666667,2.22962962962963,260.037037037037,93.6296296296297,3.29807407407407,3.65459259259259,4.3157037037037,4.86651851851852,0.799381111111111,-0.0156426666666667,1002.94274074074,5.85940740740741,0.032208,0.00915733333333334,0.614703703703704,0.0865378518518519,NA,NA,NA,0.0549313333333333
"2018-03-13 04:00",270.177777777778,305.148148148148,371.266666666667,426.681481481481,4159.34074074074,-100.518518518519,100294.437037037,522.874074074074,1110.52592592593,4436.35555555556,26018.837037037,7503.7037037037,254.333333333333,2.71851851851852,261.866666666667,20.2222222222222,2.70177777777778,3.05148148148148,3.71266666666667,4.26681481481481,0.684076074074074,-0.0148768148148148,1002.94437037037,5.22874074074074,0.0254263703703704,0.0199156296296296,0.571006296296296,0.0733973333333333,NA,NA,NA,0.0428533333333333
"2018-03-13 05:00",254.963235294118,291.360294117647,357.470588235294,411.852941176471,4397.14705882353,792.691176470589,100266.507352941,508.426470588235,1366.30882352941,4068.875,25898.0441176471,7352.76470588235,255.044117647059,3.33088235294118,263.154411764706,112.985294117647,2.54963235294118,2.91360294117647,3.57470588235294,4.11852941176471,0.748100367647059,-0.0143840441176471,1002.66507352941,5.08426470588235,0.0247552205882353,0.0102519117647059,0.470710147058824,0.0805900735294118,NA,NA,NA,0.0517628676470588
"2018-03-13 06:00",153.25,190.144736842105,257.434210526316,313.328947368421,4889.28947368421,1418.15789473684,100275.434210526,402.078947368421,1605.98684210526,3912.02631578947,26501.9605263158,7003.48684210526,252.776315789474,3.43421052631579,263.355263157895,-124.842105263158,1.5325,1.90144736842105,2.57434210526316,3.13328947368421,0.901691842105263,-0.00297315789473684,1002.75434210526,4.02078947368421,0.0259377631578947,0.00259644736842105,0.39744197368421,0.0652823684210526,NA,NA,NA,-0.00932302631578947
"2018-03-14 20:00",742.206896551724,763.068965517241,809.620689655172,853.758620689655,5356,55.2413793103448,99359.3448275862,997.931034482759,1114.03448275862,4778.96551724138,31161.9310344828,8147.20689655172,3890.96551724138,107.862068965517,514.137931034483,852.827586206897,7.42206896551724,7.63068965517241,8.09620689655172,8.53758620689655,0.804375517241379,-0.0456020689655172,993.593448275862,9.97931034482759,0.0264396551724138,0.0244572413793103,0.496009310344828,0.115952413793103,NA,NA,NA,0.222343793103448
"2018-03-14 21:00",802.156028368794,823.276595744681,870.056737588652,914.255319148936,7387.89361702128,988.489361702128,99331.8794326241,1062.7304964539,980.943262411348,4808.48936170213,38239.7659574468,7711.77304964539,3239.00709219858,88.7234042553192,468.446808510638,433.666666666667,8.02156028368794,8.23276595744681,8.70056737588652,9.14255319148936,1.28217063829787,-0.0152536879432624,993.318794326241,10.627304964539,0.020953829787234,0.0325768794326241,0.515431631205674,0.0823856737588652,NA,NA,NA,0.0660644680851064
"2018-03-14 22:00",864.482269503546,885.758865248227,933.212765957447,977.652482269504,7555.51773049645,963.304964539007,99260.0070921986,1126.74468085106,1135.12765957447,4754.24113475177,38997.9078014184,8251.83687943262,1970.98581560284,50.1347517730497,376.666666666667,625.971631205674,8.64482269503546,8.85758865248227,9.33212765957447,9.77652482269504,1.29097021276596,-0.0264646808510638,992.600070921986,11.2674468085106,0.02492,0.0251865957446809,0.485229290780142,0.100470709219858,NA,NA,NA,0.123001914893617
"2018-03-14 23:00",840.823943661972,867.732394366197,923.211267605634,972.845070422535,5705.97887323944,1407.03521126761,99193.0774647887,1110.21830985915,1036.08450704225,4569.6338028169,33230.3169014084,8126.72535211268,593.69014084507,11.1830985915493,283.394366197183,412.492957746479,8.40823943661972,8.67732394366197,9.23211267605634,9.72845070422535,0.836170633802817,-0.0119749295774648,991.930774647887,11.1021830985915,0.0214945774647887,0.0270992957746479,0.558663943661972,0.0894290845070422,NA,NA,NA,0.0518588732394366
"2018-03-15 00:00",778.570422535211,811.330985915493,876.056338028169,931.802816901409,5894.97887323944,1789.47183098591,99165.1690140845,1054.8661971831,1360.9014084507,4459.02816901408,31871.2957746479,7820.31690140845,262,1.47887323943662,258.06338028169,449.478873239436,7.78570422535211,8.11330985915493,8.76056338028169,9.31802816901408,0.910581197183099,-0.0158978873239437,991.651690140845,10.548661971831,0.0276794366197183,0.0138067605633803,0.394360915492958,0.0898540845070423,NA,NA,NA,0.0742895070422535
"2018-03-15 01:00",676.986013986014,716.699300699301,790.699300699301,851.643356643357,6161.1048951049,2527.7972027972,99110.8671328671,960.363636363636,1484.85314685315,4086.67832167832,30670.7202797203,7258.34965034965,258.503496503496,1.72727272727273,259.118881118881,368.482517482517,6.76986013986014,7.16699300699301,7.90699300699301,8.51643356643357,1.02146909090909,-0.00742804195804196,991.108671328671,9.60363636363636,0.0268514685314685,0.00636832167832168,0.253492307692308,0.0827534965034965,NA,NA,NA,0.039184965034965
"2018-03-15 02:00",644.283687943262,682.333333333333,753.780141843972,813.312056737589,5912.8085106383,2990.60992907801,99079.5957446808,923.468085106383,1497.71631205674,3871.24113475177,30394.0992907801,6520.48226950355,258.886524822695,1.4822695035461,258.531914893617,334.056737588652,6.44283687943262,6.82333333333333,7.53780141843972,8.13312056737589,0.97583,-0.0015690780141844,990.795957446809,9.23468085106383,0.0231116312056738,0.00627290780141844,0.301537730496454,0.0718020567375886,NA,NA,NA,0.0162290070921986
"2018-03-15 03:00",618.370629370629,655.013986013986,723.755244755245,781.034965034965,6290.01398601398,2045.88811188811,99076.7482517483,893.216783216783,1217.95804195804,3522.92307692308,30129.9440559441,6370.25174825175,258.013986013986,1.28671328671329,258.160839160839,466.027972027972,6.18370629370629,6.55013986013986,7.23755244755245,7.81034965034965,1.08318671328671,-0.0120695104895105,990.767482517483,8.93216783216783,0.0179462237762238,0.010088951048951,0.215252587412587,0.0782620979020979,NA,NA,NA,0.0605084615384615
"2018-03-15 04:00",508.36170212766,546.900709219858,618.489361702128,676.971631205674,5724.51773049645,3094.29078014184,99061.0992907801,778.950354609929,1378.13475177305,3571.60992907801,28013.3829787234,5993.12765957447,257.751773049645,1.73758865248227,258.808510638298,115.063829787234,5.0836170212766,5.46900709219858,6.18489361702128,6.76971631205674,0.986895744680851,0.0102798581560284,990.610992907801,7.78950354609929,0.019393475177305,0.00691255319148936,0.230982056737589,0.0569198581560284,NA,NA,NA,-0.0457960992907801
"2018-03-15 05:00",491.014084507042,526.5,592.049295774648,646.957746478873,4330.21126760563,1767,99053.3521126761,756.281690140845,1203.83802816901,3523.40845070423,23043.6056338028,5546.32394366197,256.943661971831,2.17605633802817,259.957746478873,387.30985915493,4.91014084507042,5.265,5.92049295774648,6.46957746478873,0.647858661971831,-0.0122566197183099,990.53352112676,7.56281690140845,0.0190294366197183,0.00929014084507042,0.232541478873239,0.0642657042253521,NA,NA,NA,0.0609350704225352
"2018-03-15 06:00",506.276595744681,540.070921985816,604.028368794326,657.687943262411,4209.43262411347,731.787234042553,99063.9716312057,769.758865248227,1121.77304964539,3703.16312056738,21493.5957446808,6129.18439716312,257.695035460993,1.53900709219858,257.957446808511,118.085106382979,5.06276595744681,5.40070921985816,6.04028368794326,6.57687943262411,0.612541418439716,-0.0113178014184397,990.639716312057,7.69758865248227,0.0205804255319149,0.0120968085106383,0.181892553191489,0.0551754609929078,NA,NA,NA,0.0273681560283688
"2018-03-15 07:00",448.553191489362,479.787234042553,540.397163120567,592.347517730497,3731.45390070922,165.177304964539,99100.0921985816,705.397163120567,911.36170212766,4083.86524822695,19671.7163120567,6481.97163120567,256.617021276596,2.13475177304965,260.148936170213,-2.6453900709219,4.48553191489362,4.79787234042553,5.40397163120567,5.92347517730496,0.516937588652482,-0.00792304964539007,991.000921985816,7.05397163120567,0.0179643971631206,0.0245682269503546,0.213298439716312,0.0527302127659574,NA,NA,NA,0.00636687943262412
"2018-03-15 08:00",367.795774647887,401.577464788732,465.746478873239,519.964788732394,3648.4014084507,77.8521126760561,99124.0211267606,624.830985915493,900.394366197183,3980,18032.2042253521,6090.66901408451,255.239436619718,2.94366197183099,262.295774647887,-54.2394366197182,3.67795774647887,4.01577464788732,4.65746478873239,5.19964788732394,0.524081690140845,-0.0067624647887324,991.240211267606,6.24830985915493,0.0185001408450704,0.0224885915492958,0.135375563380282,0.0458182394366197,NA,NA,NA,-0.0013493661971831
"2018-03-15 09:00",297.602836879433,331.234042553191,395.879432624114,450.595744680851,3240.10638297872,-285.68085106383,99158.0354609929,550.503546099291,897.723404255319,4385.09929078014,16178.2978723404,6025.67375886525,254.886524822695,3.0709219858156,262.595744680851,-91.0283687943261,2.97602836879433,3.31234042553191,3.95879432624113,4.50595744680851,0.445888794326241,-0.00861709219858156,991.580354609929,5.50503546099291,0.0196951063829787,0.0282098581560284,0.122072624113475,0.0412931205673759,NA,NA,NA,0.00720241134751772
"2018-03-15 10:00",246.957446808511,282.751773049645,349.631205673759,405.425531914894,3254.49645390071,35.7730496453902,99206.5744680851,501.744680851064,1009.1134751773,4171.21985815603,15589.3404255319,5856.70921985816,255.078014184397,2.58156028368794,261.390070921986,-72.2340425531917,2.46957446808511,2.82751773049645,3.49631205673759,4.05425531914894,0.464934822695035,-0.00839021276595745,992.065744680851,5.01744680851064,0.0221751773049645,0.0203394326241135,0.0706085815602837,0.0427563829787234,NA,NA,NA,0.00969219858156028
"2018-03-15 11:00",227.524822695035,263.659574468085,330.120567375886,385.36170212766,4005.73758865248,828.978723404257,99261.1205673759,480.68085106383,1248.24822695035,4093.20567375887,18642.1134751773,6103.78723404255,263.36170212766,3.01418439716312,261.978723404255,27.1489361702127,2.27524822695035,2.63659574468085,3.30120567375887,3.8536170212766,0.658849858156028,-0.00820801418439716,992.611205673759,4.8068085106383,0.0249373758865248,0.0124035460992908,0.0715100709219858,0.0549339716312057,NA,NA,NA,0.0219036879432624
"2018-03-15 12:00",278.326241134752,313.737588652482,379.489361702128,433.893617021277,5816.01418439716,4361.20567375887,99282.7872340426,539.255319148936,1743.79432624113,4040.02836879433,27490.4680851064,5724.87943262411,3387.95744680851,65.6241134751774,413.439716312057,77.8652482269505,2.78326241134752,3.13737588652482,3.79489361702128,4.33893617021277,1.09432815602837,0.0196663120567376,992.827872340426,5.39255319148936,0.0258694326241135,0.00253858156028369,0.175653404255319,0.0561568085106383,NA,NA,NA,-0.0643206382978723
"2018-03-15 13:00",645.260563380282,686.232394366197,757.43661971831,814.330985915493,6504.96478873239,3511.66197183099,99252.9154929577,934.274647887324,1552.5985915493,4300.69718309859,31033.4577464789,6483.19014084507,7692.30281690141,191.830985915493,714.042253521127,419.830985915493,6.45260563380282,6.86232394366197,7.5743661971831,8.14330985915493,1.1211338028169,0.000780492957746479,992.529154929577,9.34274647887324,0.0291652816901408,0.00658570422535211,0.185572746478873,0.0737652816901408,NA,NA,NA,0.0212107042253521
"2018-03-15 14:00",738.20979020979,779.58041958042,854.111888111888,914.531468531469,6429.76923076923,2485.18181818182,99307.3216783217,1031.53846153846,1536.4965034965,4622.34265734266,30592.7202797203,7243.6993006993,8340.67832167832,228.118881118881,800.573426573427,265.643356643356,7.3820979020979,7.7958041958042,8.54111888111888,9.14531468531469,1.05783671328671,-0.00394090909090909,993.073216783217,10.3153846153846,0.0310078321678322,0.010404965034965,0.170326153846154,0.0703476923076923,NA,NA,NA,0.0175246153846154
"2018-03-15 15:00",809.669014084507,847.140845070423,916.943661971831,975.042253521127,6226.48591549296,1902.69718309859,99341.4647887324,1099.26056338028,1406.28873239437,4741.6338028169,30660.5422535211,7881.95070422535,8239.06338028169,234.746478873239,816.253521126761,419.105633802817,8.09669014084507,8.47140845070422,9.16943661971831,9.75042253521127,0.973114225352113,-0.0137995774647887,993.414647887324,10.9926056338028,0.0319660563380282,0.0135503521126761,0.214005,0.0857368309859155,NA,NA,NA,0.0642305633802817
"2018-03-15 16:00",928.093525179856,962.446043165468,1027.25179856115,1082.35251798561,6556.5035971223,1550.05755395683,99337.3237410072,1216.72661870504,1269.30215827338,4852.28057553957,32587.1726618705,8005.8417266187,7752.6690647482,224.985611510791,793.079136690647,580.338129496403,9.28093525179856,9.62446043165468,10.2725179856115,10.8235251798561,0.99300273381295,-0.0211857553956835,993.373237410072,12.1672661870504,0.0294265467625899,0.020149928057554,0.242464964028777,0.0907510071942446,NA,NA,NA,0.0997907194244604
"2018-03-15 17:00",814.713286713287,846.916083916084,911.293706293706,966.811188811189,5441.56643356643,1370.3986013986,99343.020979021,1088.88111888112,1163.0979020979,5052.15384615385,27743.3916083916,8367.74825174825,6857.51748251748,200.692307692308,735.153846153846,203.335664335665,8.14713286713287,8.46916083916084,9.11293706293706,9.66811188811189,0.767237552447552,-0.00596314685314685,993.43020979021,10.8888111888112,0.026851958041958,0.0278526573426573,0.236943076923077,0.0781197902097902,NA,NA,NA,0.0139935664335664
"2018-03-15 18:00",575.838028169014,601.429577464789,656.323943661972,705.619718309859,4056.96478873239,257.112676056338,99353.5281690141,834.140845070423,1021.08450704225,4937.45070422535,21053.7464788732,7395.84507042254,5433.4014084507,159.591549295775,637.37323943662,190.739436619718,5.75838028169014,6.01429577464789,6.56323943661972,7.05619718309859,0.550591408450704,-0.0152242957746479,993.535281690141,8.34140845070423,0.0233121126760563,0.0318144366197183,0.186154436619718,0.0701785211267606,NA,NA,NA,0.0557146478873239
"2018-03-15 19:00",507.852112676056,532.105633802817,585.049295774648,633.070422535211,3715.52816901408,-168.661971830986,99355.5492957746,759.584507042254,966.725352112676,4966.71830985915,19348.3309859155,7231.45070422535,4980.80281690141,143.577464788732,599.211267605634,-43.3028169014091,5.07852112676056,5.32105633802817,5.85049295774648,6.33070422535211,0.493905563380282,-0.00962232394366197,993.555492957746,7.59584507042254,0.0226716901408451,0.033855,0.186804436619718,0.0552273943661972,NA,NA,NA,0.0135638732394366
"2018-03-15 20:00",466.818181818182,491.72027972028,544.727272727273,592.79020979021,3631,-364.79020979021,99374.3776223776,718.853146853147,894.636363636364,4966.93706293706,18357.3076923077,6903.32867132867,4096.76923076923,115.713286713287,532.832167832168,-220.06993006993,4.66818181818182,4.9172027972028,5.44727272727273,5.9279020979021,0.488488531468531,-0.00334720279720279,993.743776223776,7.18853146853147,0.0213820979020979,0.0363295104895105,0.164425874125874,0.0402604195804196,NA,NA,NA,-0.0264965734265734
"2018-03-15 21:00",378.645390070922,402.148936170213,453.63829787234,500.574468085106,3291.80141843972,-405.943262411348,99430.1631205674,623.510638297872,874.262411347518,4757.63829787234,16605.4184397163,6857.63829787234,3169.12765957447,86.4184397163121,462.992907801418,71.1063829787233,3.78645390070922,4.02148936170213,4.5363829787234,5.00574468085106,0.436485390070922,-0.0152231914893617,994.301631205674,6.23510638297872,0.0192956028368794,0.0352500709219858,0.121240567375887,0.0604508510638298,NA,NA,NA,0.0480582269503546
"2018-03-15 22:00",318.345070422535,342.450704225352,394.507042253521,441.661971830986,3366.34507042254,-420.30985915493,99499.0352112676,562.140845070423,852.267605633803,4566.79577464789,16190.9366197183,6853.2676056338,1851.9014084507,48.3661971830986,372.471830985916,-144.640845070423,3.18345070422535,3.42450704225352,3.94507042253521,4.41661971830986,0.475679718309859,-0.00669859154929577,994.990352112676,5.62140845070423,0.0178432394366197,0.0338614788732394,0.0995462676056338,0.0507214788732394,NA,NA,NA,-0.00467521126760564
"2018-03-15 23:00",219.014084507042,244.119718309859,297.535211267606,345.239436619718,2927.8661971831,-260.408450704225,99599.6056338028,457.62676056338,889.338028169014,4608.07042253521,14490.4929577465,6485.87323943662,670.676056338028,13.0211267605634,287.887323943662,-56.5070422535212,2.19014084507042,2.44119718309859,2.97535211267606,3.45239436619718,0.396807746478873,-0.00908394366197183,995.996056338028,4.5762676056338,0.0210132394366197,0.0308384507042254,0.0921014084507042,0.0522254929577465,NA,NA,NA,0.0180805633802817
"2018-03-16 00:00",106.591549295775,131.070422535211,183.443661971831,230.485915492958,2736.44366197183,-515.683098591549,99688.838028169,338.302816901408,874.802816901408,4159.19014084507,12871.3802816901,5604.20422535211,254.274647887324,3.42253521126761,263.253521126761,-146.80985915493,1.06591549295775,1.31070422535211,1.83443661971831,2.30485915492958,0.382057394366197,-0.00888619718309859,996.88838028169,3.38302816901408,0.019987676056338,0.024577676056338,0.0483731690140845,0.0371318309859155,NA,NA,NA,0.00703394366197182
"2018-03-16 01:00",81.1619718309859,107.37323943662,162.147887323944,210.704225352113,2841.38732394366,-483.239436619718,99765.8028169014,313.957746478873,745.985915492958,4104.27464788732,13161.0774647887,5482.46478873239,252.640845070423,3.56338028169014,263.288732394366,-74.6408450704227,0.811619718309859,1.0737323943662,1.62147887323944,2.10704225352113,0.414428732394366,-0.00874028169014084,997.658028169014,3.13957746478873,0.0148333802816901,0.0309000704225352,0.0518268309859155,0.0400823943661972,NA,NA,NA,0.0132797887323944
"2018-03-16 02:00",65.8098591549296,91.3098591549296,145.112676056338,193.133802816901,2980.7676056338,-778.718309859155,99833.9366197183,297.028169014084,745.823943661972,4118.28873239437,12651.9718309859,5455.16197183099,252.732394366197,3.3943661971831,263.147887323944,63.2957746478872,0.658098591549296,0.913098591549296,1.45112676056338,1.93133802816901,0.453671549295775,-0.0173919718309859,998.339366197183,2.97028169014085,0.0168061267605634,0.0291760563380282,-0.0247678873239437,0.0472618309859155,NA,NA,NA,0.0580484507042254
"2018-03-16 03:00",50.595744680851,74.5106382978723,125.77304964539,171.900709219858,2837.86524822695,-632.929078014184,99905.1914893617,277.425531914894,712.858156028369,4101.59574468085,12271.829787234,5572.35460992908,253.921985815603,3.41843971631206,263.212765957447,-90.9290780141844,0.505957446808511,0.745106382978723,1.2577304964539,1.71900709219858,0.422704680851064,-0.00906617021276596,999.051914893617,2.77425531914894,0.0148864539007092,0.0313567375886525,-0.00135170212765957,0.0411587943262411,NA,NA,NA,0.0130921985815603
"2018-03-16 04:00",9.07857142857143,34.0642857142857,87.1571428571429,134.542857142857,2732.92857142857,-725.45,99985.8,236.007142857143,763.807142857143,4105.12142857143,11776.1285714286,5546.09285714286,253.014285714286,3.85,264.2,-73.7571428571429,0.0907857142857143,0.340642857142857,0.871571428571429,1.34542857142857,0.406555928571429,-0.0118252857142857,999.858,2.36007142857143,0.0175625,0.0279393571428571,-0.0108056428571429,0.042382,NA,NA,NA,0.0261129285714286
"2018-03-16 05:00",-18.8156028368794,7.23404255319149,62.0425531914894,110.439716312057,2627.31914893617,-620.241134751773,100048.361702128,208.581560283688,748.326241134752,3957.36170212766,11419.1418439716,5358.2695035461,251.737588652482,4.16312056737589,265.482269503546,-120.787234042553,-0.188156028368794,0.0723404255319149,0.620425531914894,1.10439716312057,0.38661829787234,-0.00876432624113475,1000.48361702128,2.08581560283688,0.0159413475177305,0.0273306382978723,-0.00316248226950354,0.0381827659574468,NA,NA,NA,0.0100619858156028
"2018-03-16 06:00",-28.6830985915493,-3.96478873239436,48.8309859154929,95.7816901408451,2676.23943661972,-843.725352112676,100101.683098592,195.112676056338,880.049295774648,3983.83098591549,11429.2957746479,5022.19014084507,250.87323943662,4.40140845070423,265.816901408451,35.0704225352114,-0.286830985915493,-0.0396478873239437,0.48830985915493,0.957816901408451,0.401830563380282,-0.0200535211267606,1001.01683098592,1.95112676056338,0.020508661971831,0.0210884507042253,-0.0341140845070423,0.0410990845070422,NA,NA,NA,0.0672870422535211
"2018-03-16 07:00",-34.2464788732394,-10.5774647887324,40.3028169014084,85.8591549295775,2584.21830985915,-880.640845070423,100156.570422535,186.788732394366,735.929577464789,3951.61267605634,11488.7323943662,5250.10563380282,252.352112676056,4.15492957746479,265.5,-202.852112676056,-0.342464788732394,-0.105774647887324,0.403028169014085,0.858591549295775,0.380677676056338,-0.00821197183098592,1001.56570422535,1.86788732394366,0.0157856338028169,0.0276022535211268,0.0230907746478873,0.0315331690140845,NA,NA,NA,-0.000713521126760562
"2018-03-16 08:00",-33.7132867132867,-9.15384615384615,43.3496503496503,90.048951048951,2537.76923076923,-654.902097902098,100191.097902098,189.027972027972,759.594405594406,3995.81818181818,11216.3146853147,5573.33566433566,251.097902097902,4.46153846153846,265.979020979021,-137.244755244755,-0.337132867132867,-0.0915384615384616,0.433496503496503,0.90048951048951,0.368496783216783,-0.00868013986013986,1001.91097902098,1.89027972027972,0.0159552447552448,0.0277945454545455,0.00714832167832167,0.0409883916083916,NA,NA,NA,0.00899027972027973
"2018-03-16 09:00",-60.6549295774648,-37.5140845070423,12.8028169014085,58.2887323943662,2521.31690140845,-642.908450704225,100212.76056338,157.345070422535,685.211267605634,3956.40845070423,10853.9295774648,5116.47183098592,251.105633802817,3.73943661971831,263.43661971831,-93.0563380281689,-0.606549295774648,-0.375140845070423,0.128028169014085,0.582887323943662,0.371394225352113,-0.00879830985915493,1002.1276056338,1.57345070422535,0.0150411971830986,0.0292638732394366,-0.00789838028169014,0.0365603521126761,NA,NA,NA,0.0140147887323944
"2018-03-16 10:00",-72.0709219858156,-48.2978723404255,3.04255319148937,48.9645390070922,2604.09929078014,-629.397163120567,100275.829787234,146.723404255319,850.141843971631,4011.55319148936,11154.475177305,5072.28368794326,250.730496453901,4.10638297872341,264.687943262411,-44.333333333333,-0.720709219858156,-0.482978723404255,0.0304255319148937,0.489645390070922,0.394501914893617,-0.0138339716312057,1002.75829787234,1.46723404255319,0.017655390070922,0.0249204964539007,-0.0236902127659574,0.038466524822695,NA,NA,NA,0.0387997163120568
"2018-03-16 11:00",-93.3829787234043,-68.8723404255319,-16.6808510638298,30.0354609929078,2553.76595744681,-564.191489361702,100368.361702128,125.602836879433,817.822695035461,3931.14893617021,10746.829787234,4895.17021276596,255.843971631206,4.27659574468085,265.794326241135,-100.673758865248,-0.933829787234043,-0.688723404255319,-0.166808510638298,0.300354609929078,0.386552624113475,-0.0103685815602837,1003.68361702128,1.25602836879433,0.0188936170212766,0.0228589361702128,-0.0318017021276596,0.0332126241134752,NA,NA,NA,0.0204263829787234
"2018-03-16 12:00",-108.140845070423,-83.5774647887324,-30.9859154929578,15.9366197183098,2591.69718309859,-439.591549295775,100415.922535211,112.429577464789,867.443661971831,3902.83098591549,11059.338028169,4943.16901408451,639.091549295775,15.0915492957746,292.901408450704,17.1830985915492,-1.08140845070423,-0.835774647887324,-0.309859154929577,0.159366197183099,0.399310915492958,-0.0146601408450704,1004.15922535211,1.12429577464789,0.0201997887323944,0.0202807042253521,-0.0306704225352113,0.0415469014084507,NA,NA,NA,0.0487398591549296
"2018-03-16 13:00",-66.1608391608391,-42.0769230769231,9.6993006993007,56.055944055944,2426.31468531469,-340.671328671329,100431.006993007,159.265734265734,889.965034965035,3934.18881118881,10958.4685314685,4836.84615384615,2070.44055944056,54.6643356643357,387.27972027972,-42.4825174825175,-0.661608391608392,-0.420769230769231,0.096993006993007,0.56055944055944,0.34848951048951,-0.0116996503496504,1004.31006993007,1.59265734265734,0.0179176223776224,0.0227039160839161,0.000383216783216785,0.0355451748251748,NA,NA,NA,0.0318854545454546
"2018-03-16 14:00",-19.0704225352113,5.2042253521127,57.3380281690141,103.950704225352,2635.4014084507,-697.56338028169,100464.485915493,209.838028169014,716.830985915493,3889.34507042254,11142.6267605634,5032.39436619718,2970.81690140845,82.7183098591549,454.211267605634,77.6830985915492,-0.190704225352113,0.0520422535211267,0.573380281690141,1.03950704225352,0.389403943661972,-0.0169118309859155,1004.64485915493,2.09838028169014,0.0151847887323944,0.0274500704225352,-0.0351407042253521,0.0444609154929577,NA,NA,NA,0.0588378169014085
"2018-03-16 15:00",-1.16428571428572,22.6214285714285,74.1928571428571,120.314285714286,2446.33571428571,-767.028571428572,100516.25,227.707142857143,744.721428571429,3929.39285714286,10977.3571428571,5069.37857142857,3088.57857142857,87.7071428571429,466.107142857143,-112.628571428571,-0.0116428571428571,0.226214285714286,0.741928571428571,1.20314285714286,0.337922357142857,-0.0107871428571429,1005.1625,2.27707142857143,0.0159412857142857,0.026909,0.00929221428571428,0.0334134285714286,NA,NA,NA,0.0173596428571429
"2018-03-16 16:00",41.35,67.1857142857143,121.785714285714,170.521428571429,2656.81428571429,-615.1,100524.292857143,278.55,761.578571428571,3929.48571428571,11548.7428571429,4930.24285714286,4709.08571428571,136.528571428571,582.364285714286,-185.221428571428,0.4135,0.671857142857143,1.21785714285714,1.70521428571429,0.378761571428571,-0.006548,1005.24292857143,2.7855,0.0167087857142857,0.0258434285714286,-0.00537707142857143,0.0260487857142857,NA,NA,NA,-0.00643149999999999
"2018-03-16 17:00",73.6478873239436,100.232394366197,156.345070422535,206.161971830986,2767.18309859155,-666.232394366197,100501.788732394,310.204225352113,873.056338028169,3954.19014084507,11988.5845070423,5245.25352112676,5319.85915492958,152.732394366197,620.992957746479,-307.922535211267,0.736478873239437,1.00232394366197,1.56345070422535,2.06161971830986,0.397354154929577,-0.0045537323943662,1005.01788732394,3.10204225352113,0.0177655633802817,0.0233827464788732,-0.00676098591549296,0.0233190845070423,NA,NA,NA,-0.0266861971830986
"2018-03-16 18:00",121.823943661972,147.669014084507,202.197183098592,250.922535211268,2679.85915492958,-426.978873239437,100443.598591549,362.19014084507,700.359154929577,3997.55633802817,12350.823943662,5226.40845070423,5876.42957746479,169.37323943662,660.56338028169,-4.09859154929559,1.21823943661972,1.47669014084507,2.02197183098592,2.50922535211268,0.362901549295775,-0.0102392957746479,1004.43598591549,3.6219014084507,0.0141754225352113,0.0304715492957746,0.0275319718309859,0.0397600704225352,NA,NA,NA,0.0239380281690141
"2018-03-16 19:00",123.788732394366,149.352112676056,203.471830985916,251.922535211268,2795.44366197183,-837.288732394366,100343.429577465,359.894366197183,799.345070422535,4145.72535211268,12169.9436619718,5434.26056338028,3934.64788732394,112.535211267606,525.232394366197,-115.591549295775,1.23788732394366,1.49352112676056,2.03471830985916,2.51922535211268,0.391362816901408,-0.0121934507042254,1003.43429577465,3.59894366197183,0.0170266901408451,0.0285217605633803,-0.0125928873239437,0.0350398591549296,NA,NA,NA,0.0198714084507042
"2018-03-16 20:00",75.8661971830986,100.239436619718,152.471830985916,199.37323943662,2783.26056338028,-204.330985915493,100258.683098592,309.37323943662,754.37323943662,4091.82394366197,12040.4014084507,5376.87323943662,3336.28169014085,92.0845070422535,476.492957746479,28.2887323943661,0.758661971830986,1.00239436619718,1.52471830985916,1.9937323943662,0.401960915492958,-0.00986443661971831,1002.58683098592,3.0937323943662,0.016684014084507,0.0287083098591549,-0.0220285211267606,0.0450342957746479,NA,NA,NA,0.0290657042253521
"2018-03-16 21:00",63.2042253521127,87.2535211267606,139.274647887324,186.316901408451,2657.52816901408,-506.971830985915,100179.528169014,295.119718309859,767.56338028169,3949.29577464789,11825.2183098592,5183.9014084507,2215.07042253521,59.774647887324,399.683098591549,-149.654929577465,0.632042253521127,0.872535211267606,1.39274647887324,1.86316901408451,0.374017464788732,-0.0068375352112676,1001.79528169014,2.95119718309859,0.0165901408450704,0.0261896478873239,0.00820654929577464,0.0321357746478873,NA,NA,NA,-0.00171492957746479
"2018-03-16 22:00",36.7323943661972,61.7323943661972,115.119718309859,162.80985915493,2776.17605633803,-247.640845070423,100163.408450704,268.612676056338,773.957746478873,3901.45774647887,11851.1338028169,4904.67605633803,1023.76056338028,25.5,317.894366197183,-202.415492957747,0.367323943661972,0.617323943661972,1.15119718309859,1.6280985915493,0.410261056338028,-0.00200612676056338,1001.63408450704,2.68612676056338,0.0159606338028169,0.025921338028169,-0.0148280281690141,0.0255631690140845,NA,NA,NA,-0.0235747887323944
"2018-03-16 23:00",13.5211267605634,37.7535211267606,89.8661971830986,136.746478873239,2623.32394366197,-448.316901408451,100127.288732394,241.478873239437,668.985915492958,3970.42957746479,11189.4295774648,4835.50704225352,413.676056338028,7.55633802816901,274.218309859155,2.38028169014091,0.135211267605634,0.377535211267606,0.898661971830986,1.36746478873239,0.378331690140845,-0.0100402112676056,1001.27288732394,2.41478873239437,0.0132494366197183,0.0315089436619718,-0.0245657746478873,0.0359819014084507,NA,NA,NA,0.0267233802816901
"2018-03-17 00:00",20.2714285714286,44.7928571428571,97.5285714285714,145.135714285714,2662.97857142857,-445.35,100104.485714286,247.392857142857,815.778571428571,3890.17857142857,11324.4642857143,4764.77857142857,253.8,3.76428571428572,264.392857142857,178.742857142857,0.202714285714286,0.447928571428571,0.975285714285714,1.45135714285714,0.386369928571429,-0.0201284285714286,1001.04485714286,2.47392857142857,0.0176689285714286,0.0233565,-0.0509157857142857,0.0453862857142857,NA,NA,NA,0.0810607857142857
"2018-03-17 01:00",22.958041958042,46.8041958041958,98.6853146853147,145.454545454545,2681.28671328671,-668.734265734266,100085.062937063,248.342657342657,850.678321678322,3983.01398601399,11263.7132867133,4781.00699300699,253.713286713287,3.98601398601399,264.496503496504,-62.1048951048952,0.22958041958042,0.468041958041958,0.986853146853147,1.45454545454545,0.390562797202797,-0.0137053146853147,1000.85062937063,2.48342657342657,0.0188960839160839,0.0231321678321678,-0.0449158041958042,0.0306316783216783,NA,NA,NA,0.0334182517482517
"2018-03-17 02:00",41.1760563380282,63.4929577464789,113.147887323944,158.37323943662,2692.99295774648,-453.105633802817,100037.978873239,264.760563380282,773.781690140845,3972.14084507042,11404.5422535211,4848.17605633803,252.274647887324,4.24647887323944,266.169014084507,61.9647887323943,0.411760563380282,0.634929577464789,1.13147887323944,1.5837323943662,0.389498521126761,-0.0146039436619718,1000.37978873239,2.64760563380282,0.0165478873239437,0.0265311267605634,-0.0428297887323944,0.0391106338028169,NA,NA,NA,0.0490937323943662
"2018-03-17 03:00",82.0780141843972,107.085106382979,160.709219858156,208.780141843972,2825.9219858156,-278.106382978723,100061.907801418,311.63829787234,876.283687943262,3852.43262411347,11752.1489361702,4877.6524822695,252.652482269504,3.84397163120567,264.460992907801,-76.5531914893617,0.820780141843972,1.07085106382979,1.60709219858156,2.08780141843972,0.410741063829787,-0.00953971631205674,1000.61907801418,3.1163829787234,0.0179809219858156,0.021393475177305,-0.0575602836879433,0.031691914893617,NA,NA,NA,0.0151617021276596
"2018-03-17 04:00",98.7659574468085,127.659574468085,186.808510638298,238.68085106383,2917.68794326241,-121.028368794326,100007.241134752,335.184397163121,816.553191489362,3756.8085106383,12405.6666666667,4709.33333333333,253.375886524823,3.15602836879433,262.255319148936,-143.042553191489,0.987659574468085,1.27659574468085,1.86808510638298,2.3868085106383,0.427368368794326,-0.00409879432624114,1000.07241134752,3.35184397163121,0.0164263829787234,0.0222858865248227,-0.0281664539007092,0.0253151063829787,NA,NA,NA,-0.0128167375886525
"2018-03-17 05:00",108.725352112676,133.732394366197,187.43661971831,235.5,2860.33802816901,-585.971830985916,99892.8873239437,339.485915492958,777.37323943662,3654.65492957746,12214.9718309859,4784.11971830986,253.387323943662,3.54929577464789,263.253521126761,116.443661971831,1.08725352112676,1.33732394366197,1.8743661971831,2.355,0.412005633802817,-0.0189366197183099,998.928873239437,3.39485915492958,0.0157292957746479,0.0218897887323944,-0.0399687323943662,0.0414002112676056,NA,NA,NA,0.0646434507042253
"2018-03-17 06:00",159.978723404255,185.695035460993,240.687943262411,289.851063829787,3053.76595744681,-180.964539007092,99843.4680851064,392.851063829787,770.765957446809,3571.36879432624,12736.7517730496,4924.90780141844,253.347517730496,3.24822695035461,262.45390070922,35.7234042553191,1.59978723404255,1.85695035460993,2.40687943262411,2.89851063829787,0.445617234042553,-0.011225390070922,998.434680851064,3.92851063829787,0.0142402836879433,0.0220505673758865,-0.0543781560283688,0.0391629787234043,NA,NA,NA,0.027161134751773
"2018-03-17 07:00",135.929078014184,159.794326241135,211.957446808511,258.936170212766,2875.8865248227,-263.22695035461,99739.9787234043,364.54609929078,803.276595744681,3594.20567375887,12676.6028368794,4973.60283687943,251.929078014184,3.93617021276596,265.141843971631,-29.723404255319,1.35929078014184,1.59794326241135,2.11957446808511,2.58936170212766,0.408879007092199,-0.010233475177305,997.399787234043,3.6454609929078,0.0153775177304965,0.0207880141843972,-0.00849375886524822,0.0366100709219858,NA,NA,NA,0.0181279432624113
"2018-03-17 08:00",107.219858156028,136.843971631206,197.475177304965,250.581560283688,3694.58865248227,446.156028368795,99670.8368794326,344.716312056738,773.212765957447,3288.60283687943,14410.0141843972,4496.69503546099,252.645390070922,3.4822695035461,264.070921985816,25.5248226950356,1.07219858156028,1.36843971631206,1.97475177304965,2.50581560283688,0.618817092198582,-0.00410042553191489,996.708368794326,3.44716312056738,0.014081134751773,0.01742,-0.0921295744680851,0.0350275886524823,NA,NA,NA,0.000282340425531915
"2018-03-17 09:00",54.1760563380281,81.8943661971832,140.211267605634,192.260563380282,4891.75352112676,1258.34507042253,99567.0915492958,284.760563380282,994.464788732394,3162.92957746479,18480.5422535211,4145.66901408451,253.014084507042,3.83802816901408,264.457746478873,201.781690140845,0.541760563380282,0.818943661971831,1.40211267605634,1.92260563380282,0.93309338028169,-0.00626570422535211,995.670915492958,2.84760563380282,0.0166057042253521,0.00922661971830986,-0.129371901408451,0.0422633802816901,NA,NA,NA,0.0286279577464789
"2018-03-17 10:00",62.2042253521127,90.2816901408451,149.112676056338,201.633802816901,4522.80985915493,905.218309859155,99542.3591549296,295.295774647887,860.718309859155,3240.07042253521,16691.5633802817,4040.02816901408,252.788732394366,3.37323943661972,262.971830985916,-4.07042253521141,0.622042253521127,0.902816901408451,1.49112676056338,2.01633802816901,0.838519507042254,0.000645492957746479,995.423591549296,2.95295774647887,0.0150250704225352,0.0142682394366197,-0.13799514084507,0.0273054225352113,NA,NA,NA,-0.0182916197183099
"2018-03-17 11:00",71.7112676056338,101.845070422535,163.330985915493,217.338028169014,4715.78873239437,662.80985915493,99570.5985915493,308.239436619718,799.880281690141,3079.01408450704,17757.676056338,4127.01408450704,254.225352112676,3.85915492957747,264.035211267606,121.028169014084,0.717112676056338,1.01845070422535,1.63330985915493,2.17338028169014,0.883499366197183,-0.00599394366197183,995.705985915493,3.08239436619718,0.0127111971830986,0.0148381690140845,-0.113876338028169,0.0363133802816901,NA,NA,NA,0.0152198591549296
"2018-03-17 12:00",64.0704225352113,88.7605633802817,141.929577464789,190.542253521127,3715.98591549296,573.485915492957,99572.0352112676,290.830985915493,966.507042253521,3291.64788732394,14402.661971831,4259.11971830986,376.633802816901,7.3169014084507,273.93661971831,-24.5704225352114,0.640704225352113,0.887605633802817,1.41929577464789,1.90542253521127,0.638031830985915,-0.00463232394366197,995.720352112676,2.90830985915493,0.0164582394366197,0.0119977464788732,-0.105505211267606,0.0294017605633803,NA,NA,NA,9.68309859154872e-05
"2018-03-17 13:00",78.4195804195805,100.20979020979,149.146853146853,194.937062937063,2898.48251748252,-319.706293706294,99572.6083916084,303.090909090909,746.615384615385,3423.03496503496,12033.1258741259,4837.84615384615,777.20979020979,19,302.41958041958,150.083916083916,0.784195804195804,1.0020979020979,1.49146853146853,1.94937062937063,0.43124034965035,-0.0170216783216783,995.726083916084,3.03090909090909,0.0142517482517483,0.0199733566433566,-0.0594059440559441,0.0470747552447552,NA,NA,NA,0.0607904195804196
"2018-03-17 14:00",121.866197183099,143.971830985915,193.260563380282,239.443661971831,2908.71830985915,-191.542253521127,99584.6056338028,350.246478873239,787.366197183099,3581.25352112676,12469.4718309859,4534.24647887324,1745.16197183099,49.887323943662,376.070422535211,57.3098591549302,1.21866197183099,1.43971830985915,1.93260563380282,2.39443661971831,0.421898098591549,-0.0125174647887324,995.846056338028,3.50246478873239,0.0156751408450704,0.0205381690140845,-0.0341683098591549,0.0347053521126761,NA,NA,NA,0.0357875352112676
"2018-03-17 15:00",186.507042253521,209.056338028169,259.232394366197,306.021126760563,3119.88732394366,-57.1056338028168,99570.014084507,419.260563380282,736.070422535211,3359.12676056338,13408.1971830986,4616.98591549296,2007.30985915493,58.4647887323943,396.556338028169,85.0211267605634,1.86507042253521,2.09056338028169,2.59232394366197,3.06021126760563,0.455912112676056,-0.0114609154929577,995.70014084507,4.19260563380282,0.0137211267605634,0.0195352816901408,-0.0275176056338028,0.0378430985915493,NA,NA,NA,0.0305792253521127
"2018-03-17 16:00",224.450704225352,249.246478873239,302.422535211268,350.711267605634,3204.57042253521,-355.56338028169,99602.9436619718,461.753521126761,656.387323943662,3369.67605633803,13610.0915492958,4655.04225352113,1386.41549295775,38.7042253521127,349.429577464789,70.3098591549295,2.24450704225352,2.49246478873239,3.02422535211268,3.50711267605634,0.46472838028169,-0.012585985915493,996.029436619718,4.61753521126761,0.011436338028169,0.0232652816901408,-0.0303928169014085,0.0359728169014085,NA,NA,NA,0.0303238732394366
"2018-03-17 17:00",252.133802816901,277.549295774648,331.478873239437,380.345070422535,3338.75352112676,-207.915492957746,99662.8943661972,492.640845070423,719.69014084507,3559.34507042253,13946.7253521127,5248.70422535211,2136.78169014085,63.0211267605634,407.37323943662,228.225352112676,2.52133802816901,2.77549295774648,3.31478873239437,3.80345070422535,0.489285211267606,-0.018079014084507,996.628943661972,4.92640845070423,0.012998661971831,0.0238688028169014,-0.061028661971831,0.0535528873239437,NA,NA,NA,0.0677102112676057
"2018-03-17 18:00",346.746478873239,371.661971830986,424.422535211268,472.091549295775,3385.88732394366,-636.711267605634,99632.6267605634,591.035211267606,788.471830985916,4126.21126760563,14961.3028169014,5199.46478873239,3746.02816901409,112.260563380282,524.514084507042,224.147887323944,3.46746478873239,3.71661971830986,4.24422535211268,4.72091549295775,0.470459084507042,-0.023187676056338,996.326267605634,5.91035211267606,0.0153514788732394,0.0299316901408451,-0.0172647183098592,0.0454265492957747,NA,NA,NA,0.0864949295774648
"2018-03-17 19:00",451.378571428571,476.35,529.792857142857,578,3738.77857142857,-431.478571428571,99609.8142857143,702.535714285714,658.057142857143,4405.26428571429,16511.8214285714,6020.84285714286,4758.81428571429,138.378571428571,586.835714285714,275.392857142857,4.51378571428571,4.7635,5.29792857142857,5.78,0.520839928571429,-0.0197004285714286,996.098142857143,7.02535714285714,0.012672,0.0393865,-0.00551578571428572,0.0578106428571429,NA,NA,NA,0.0770708571428571
"2018-03-17 20:00",527.830985915493,552.788732394366,606.542253521127,654.669014084507,3767.97887323944,-744.161971830986,99594.7323943662,780.591549295775,816.964788732394,4488.2323943662,17238.2042253521,6156.38028169014,4137.59154929578,118.556338028169,539.598591549296,-170.5,5.27830985915493,5.52788732394366,6.06542253521127,6.54669014084507,0.498625211267606,-0.00891077464788732,995.947323943662,7.80591549295775,0.0178791549295775,0.0329811267605634,0.0437030281690141,0.0308088732394366,NA,NA,NA,-0.0100519014084507
"2018-03-17 21:00",520.098591549296,544.859154929577,598.154929577465,646.197183098591,3724.11267605634,-578.556338028169,99622.1197183099,771.746478873239,931.154929577465,4710.89436619718,16942.323943662,6535.17605633803,3337.87323943662,91.4295774647887,474.992957746479,35.2887323943663,5.20098591549296,5.44859154929577,5.98154929577465,6.46197183098592,0.490959718309859,-0.0170861971830986,996.221197183099,7.7174647887324,0.0217304929577465,0.0310452816901408,0.0104108450704225,0.0483642253521127,NA,NA,NA,0.0441635915492958
"2018-03-17 22:00",509.013986013986,534.846153846154,589.965034965035,639.300699300699,3552.66433566434,-226.083916083916,99656.5804195804,761.55944055944,880.839160839161,4544.28671328671,16454.979020979,6414.43356643357,2022.69230769231,52.6923076923077,382.72027972028,-117.58041958042,5.09013986013986,5.34846153846154,5.89965034965035,6.39300699300699,0.45164986013986,-0.00643237762237762,996.565804195804,7.61559440559441,0.0190106293706294,0.0317695104895105,0.0326277622377622,0.0395475524475524,NA,NA,NA,-0.00993825174825175
"2018-03-17 23:00",389.561151079137,417.323741007194,474.812949640288,525.482014388489,3484.73381294964,271.280575539568,99735.5251798561,638.654676258993,911.26618705036,4420.5035971223,15551.1870503597,6023.8273381295,854.496402877697,17.410071942446,298.438848920863,7.46043165467642,3.89561151079137,4.17323741007194,4.74812949640288,5.25482014388489,0.478380863309353,-0.00647827338129496,997.355251798561,6.38654676258993,0.0203948920863309,0.0278512949640288,-0.008348345323741,0.0453643884892086,NA,NA,NA,0.00838863309352519
"2018-03-18 00:00",321.281690140845,354.056338028169,418.06338028169,472.87323943662,3383.21126760563,-94.9154929577464,99812.0774647887,574.56338028169,1073.28873239437,4030.11267605634,15173.9154929577,5668.2676056338,260.880281690141,2.74647887323944,261.37323943662,-1.33802816901405,3.21281690140845,3.54056338028169,4.1806338028169,4.7287323943662,0.47409176056338,-0.0142908450704225,998.120774647887,5.7456338028169,0.0220429577464789,0.0170173943661972,-0.0120820422535211,0.0424331690140845,NA,NA,NA,0.0342675352112676
"2018-03-18 01:00",314.274647887324,349.323943661972,415.950704225352,471.985915492958,3394.94366197183,658.971830985915,99861.1830985915,571.12676056338,1120.28169014085,3880.92957746479,15082.9507042253,5553.02816901408,255.197183098592,2.45070422535211,261.035211267606,28.830985915493,3.14274647887324,3.49323943661972,4.15950704225352,4.71985915492958,0.478174507042254,-0.00825542253521127,998.611830985916,5.7112676056338,0.0212635915492958,0.0145195070422535,-0.0318069718309859,0.0446931690140845,NA,NA,NA,0.0170835211267606
"2018-03-18 02:00",301.986013986014,342.13986013986,415.125874125874,474.629370629371,5417.34265734266,2966.16083916084,99907.4195804196,563.993006993007,1437.17482517483,3754.51048951049,22278.7552447552,5431.40559440559,253.58041958042,2.61538461538462,261.146853146853,17.9370629370631,3.01986013986014,3.4213986013986,4.15125874125874,4.74629370629371,0.985208041958042,0.0119813286713287,999.074195804196,5.63993006993007,0.023288951048951,0.00523804195804196,-0.0624086013986014,0.0463344755244755,NA,NA,NA,-0.0519998601398601
"2018-03-18 03:00",214.232394366197,253.915492957746,326.683098591549,385.464788732394,6614.35915492958,5016.79577464789,99931.3943661972,472.267605633803,1453.66197183099,3855.34507042254,27344.9788732394,5150.66197183099,253.598591549296,3.47887323943662,263.401408450704,314.478873239436,2.14232394366197,2.53915492957746,3.26683098591549,3.85464788732394,1.31299070422535,0.0237196478873239,999.313943661972,4.72267605633803,0.0231252816901408,0.00688098591549296,-0.0193374647887324,0.063587323943662,NA,NA,NA,-0.0551656338028169
"2018-03-18 04:00",147.633802816901,185.676056338028,254.929577464789,311.457746478873,6209.59154929577,5253.35211267606,99940.2464788732,400.12676056338,1426.49295774648,3618.19718309859,25557.4014084507,4799.2676056338,252.746478873239,3.1056338028169,262.485915492958,8.09154929577476,1.47633802816901,1.85676056338028,2.54929577464789,3.11457746478873,1.23278478873239,0.0384877464788732,999.402464788732,4.0012676056338,0.0204947183098592,0.0059819014084507,-0.0142014084507042,0.0436847183098592,NA,NA,NA,-0.138459577464789
"2018-03-18 05:00",102.971830985916,139.866197183099,207.394366197183,262.443661971831,7742.08450704225,5589,99967.3591549296,351.640845070423,1442.14788732394,3478.28873239437,30064.5563380282,4854.85211267606,252.302816901408,3.42957746478873,263.253521126761,111.654929577465,1.02971830985915,1.39866197183099,2.07394366197183,2.62443661971831,1.62921661971831,0.0381619718309859,999.673591549296,3.51640845070423,0.0197211267605634,0.00416478873239436,-0.0788341549295775,0.0525729577464789,NA,NA,NA,-0.127822957746479
"2018-03-18 06:00",100.429577464789,133.711267605634,195.042253521127,245.69014084507,7608.97183098591,6834.19014084507,99980.8591549296,342.802816901408,1492.9014084507,3696.18309859155,29983.014084507,4718.77464788732,252.542253521127,3.33098591549296,262.929577464789,-10.8943661971832,1.00429577464789,1.33711267605634,1.95042253521127,2.4569014084507,1.59861408450704,0.0563018309859155,999.808591549296,3.42802816901408,0.0236059154929577,0.00314380281690141,-0.0530108450704225,0.0442743661971831,NA,NA,NA,-0.198994366197183
"2018-03-18 07:00",57.5845070422535,96.943661971831,168.112676056338,225.753521126761,8108.04929577465,7290.94366197183,99978.7042253521,308.62676056338,1519.84507042254,3573.37323943662,31012.3169014085,4704.95774647887,251.915492957746,3.76760563380282,264.260563380282,181.739436619718,0.575845070422535,0.96943661971831,1.68112676056338,2.25753521126761,1.73194753521127,0.0532659154929577,999.787042253521,3.0862676056338,0.0221451408450704,0.00211253521126761,-0.118323309859155,0.0573408450704225,NA,NA,NA,-0.167629788732394
"2018-03-18 08:00",67.2816901408451,105.232394366197,174.816901408451,231.028169014085,7089.04929577465,5739.7323943662,99981.0845070423,315.950704225352,1350.91549295775,3625.54225352113,26902.6126760563,4636.82394366197,252.176056338028,3.62676056338028,264.091549295775,-68.8521126760564,0.672816901408451,1.05232394366197,1.74816901408451,2.31028169014085,1.47519345070423,0.04894,999.810845070422,3.15950704225352,0.0221908450704225,0.0056743661971831,-0.117265492957746,0.038695,NA,NA,NA,-0.181838309859155
"2018-03-18 09:00",22.7183098591549,62.1056338028169,133.922535211268,192.154929577465,5996.92253521127,4528.79577464789,99997.8521126761,272.767605633803,1427.60563380282,3496.9014084507,22849.7605633803,4150.54929577465,252.246478873239,3.64788732394366,263.246478873239,180.56338028169,0.227183098591549,0.621056338028169,1.33922535211268,1.92154929577465,1.21322992957746,0.0233699295774648,999.978521126761,2.72767605633803,0.0213718309859155,0.00310521126760563,-0.146051408450704,0.0448285915492958,NA,NA,NA,-0.0656717605633803
"2018-03-18 10:00",24.5845070422535,60.8943661971831,128.37323943662,184.774647887324,4956.25352112676,2146.71830985915,100037.161971831,268.140845070423,1398.95070422535,3404.90845070423,18135.823943662,4592.45070422535,252.683098591549,3.43661971830986,263.218309859155,-88.654929577465,0.245845070422535,0.608943661971831,1.2837323943662,1.84774647887324,0.953824014084507,0.00726929577464789,1000.37161971831,2.68140845070423,0.0190214084507042,0.00436711267605634,-0.187761126760563,0.0335311267605634,NA,NA,NA,-0.0421849295774648
"2018-03-18 11:00",23.7887323943662,60.774647887324,130.049295774648,187.415492957746,4006.12676056338,2574.94366197183,100062.908450704,269.443661971831,1430.38732394366,3321.04929577465,15838.4295774648,4456.81690140845,269.387323943662,4.88732394366197,267.30985915493,-202.915492957747,0.237887323943662,0.607746478873239,1.30049295774648,1.87415492957746,0.716048591549296,0.0154447183098592,1000.62908450704,2.69443661971831,0.018667323943662,0.00279683098591549,-0.112634788732394,0.0263534507042253,NA,NA,NA,-0.0810295774647887
"2018-03-18 12:00",107.141843971631,143.269503546099,212.652482269503,271.078014184397,4819.56737588653,3257.85815602837,100065.985815603,362.780141843972,1268.79432624113,3276.70212765957,19241.4042553191,4254.75177304964,3991.36170212766,79.1205673758866,445.730496453901,327.468085106383,1.07141843971631,1.43269503546099,2.12652482269504,2.71078014184397,0.895993829787234,0.00569503546099291,1000.65985815603,3.62780141843972,0.0169541843971631,0.00632886524822695,-0.110430709219858,0.0529127659574468,NA,NA,NA,0.00556702127659574
"2018-03-18 13:00",461.432624113475,496.929078014184,564.964539007092,622.446808510638,5229.90780141844,2641.26241134752,99998.1418439716,731.858156028369,1127.09929078014,3073.37588652482,21109.4822695035,4674.51063829787,7690.77304964539,195.843971631206,723.652482269503,372.106382978723,4.61432624113475,4.96929078014184,5.64964539007092,6.22446808510638,0.882270425531915,-0.00076390070921986,999.981418439716,7.31858156028369,0.012787304964539,0.00918567375886525,-0.122744113475177,0.0533808510638298,NA,NA,NA,0.015795390070922
"2018-03-18 14:00",642.816901408451,672.359154929577,731.619718309859,783.584507042253,5086.49295774648,1387.47183098591,99975.7112676056,910.140845070423,1004.88028169014,3395.04225352113,21281.5281690141,5288.45774647887,8296.7676056338,230.816901408451,807.028169014084,496.049295774648,6.42816901408451,6.72359154929577,7.31619718309859,7.83584507042254,0.775626408450704,-0.0169115492957746,999.757112676056,9.10140845070423,0.015099014084507,0.0142192957746479,-0.0985885211267606,0.0610607746478873,NA,NA,NA,0.0778530985915493
"2018-03-18 15:00",929.223776223776,959.41958041958,1019.5034965035,1072.22377622378,6819.51748251748,940.37062937063,99945.7832167832,1209.9020979021,969.272727272727,3684.6013986014,28259.1608391608,6595.09090909091,8109.22377622378,234.258741258741,815.13986013986,545.097902097902,9.29223776223776,9.5941958041958,10.195034965035,10.7222377622378,1.05929188811189,-0.0225682517482517,999.457832167832,12.099020979021,0.0136172727272727,0.0210945454545455,-0.1011,0.0710365734265734,NA,NA,NA,0.0865791608391609
"2018-03-18 16:00",1139.89436619718,1173.83802816901,1240.57746478873,1297.95774647887,7239.10563380282,1607.45774647887,99918.7605633803,1435.52112676056,1118.11971830986,4161.21126760563,31655.6549295775,7605.14084507042,7548.66901408451,221.838028169014,785.556338028169,859.267605633803,11.3989436619718,11.7383802816901,12.4057746478873,12.9795774647887,1.0258414084507,-0.0299762676056338,999.187605633803,14.3552112676056,0.018974014084507,0.0213525352112676,-0.0667822535211268,0.0937415492957746,NA,NA,NA,0.138866056338028
"2018-03-18 17:00",1275.82269503546,1313.28368794326,1386.48936170213,1448.58156028369,7582.31205673759,1360.05673758865,99876.9929078014,1581.17730496454,1060.49645390071,4646.99290780142,34032.4042553191,8469.9219858156,6832.73758865248,201.815602836879,737.86524822695,794.801418439716,12.7582269503546,13.1328368794326,13.8648936170213,14.4858156028369,1.0030934751773,-0.028373829787234,998.769929078014,15.8117730496454,0.0185906382978723,0.0308695744680851,-0.0221743262411348,0.0926403546099291,NA,NA,NA,0.118959432624113
"2018-03-18 18:00",1345.5985915493,1379.94366197183,1447.89436619718,1506.62676056338,7683.06338028169,1503.97183098592,99818.7605633803,1650.10563380282,1246.52816901408,4836.99295774648,35848.1830985916,8840.19014084507,5453.92957746479,160.922535211268,640.485915492958,837.161971830986,13.455985915493,13.7994366197183,14.4789436619718,15.0662676056338,0.975026267605634,-0.0320616901408451,998.187605633803,16.5010563380282,0.0257827464788732,0.0238822535211268,0.0373858450704225,0.0963633098591549,NA,NA,NA,0.134757394366197
"2018-03-18 19:00",1429.15384615385,1464.5034965035,1533.52447552448,1592.5034965035,7981.6013986014,1490.51048951049,99694.958041958,1736.36363636364,1228.41958041958,5014.16783216783,37514.5804195804,9338.13286713287,4814.25174825175,140.160839160839,591.13986013986,955.237762237762,14.2915384615385,14.645034965035,15.3352447552448,15.925034965035,0.973511118881119,-0.036301958041958,996.94958041958,17.3636363636364,0.0246153846153846,0.0283438461538462,0.0399316783216783,0.104615454545455,NA,NA,NA,0.156138251748252
"2018-03-18 20:00",1397.45714285714,1432.08571428571,1501.54285714286,1561.56428571429,7670.12142857143,1115.41428571429,99651.25,1703.30714285714,1294.86428571429,5141.4,35591.4571428571,9430.9,3966.35,113.35,527.171428571429,725.728571428571,13.9745714285714,14.3208571428571,15.0154285714286,15.6156428571429,0.925523714285714,-0.0326272857142857,996.5125,17.0330714285714,0.0272692142857143,0.0267595,0.00693028571428572,0.0937755,NA,NA,NA,0.122876285714286
"2018-03-18 21:00",1432.34965034965,1466.61538461538,1535.42657342657,1594.66433566434,7618.98601398601,1351.27972027972,99600.1328671329,1738.42657342657,1399.70629370629,5002.93006993007,35735.1258741259,9542.89510489511,3170.59440559441,87.7132867132867,466.020979020979,995.125874125874,14.3234965034965,14.6661538461538,15.3542657342657,15.9466433566434,0.880800629370629,-0.0431299300699301,996.001328671329,17.3842657342657,0.0292132167832168,0.0207867832167832,-0.0145095804195804,0.110294475524476,NA,NA,NA,0.185695874125874
"2018-03-18 22:00",1362.77857142857,1398.85,1469.84285714286,1530.52857142857,7564.57857142857,1518.42142857143,99572.5357142857,1669.07857142857,1344.39285714286,5000.42142857143,34090.6571428571,9302.77857142857,1606.71428571429,40.6928571428572,354.135714285714,692.264285714286,13.6277857142857,13.9885,14.6984285714286,15.3052857142857,0.927618642857143,-0.0280139285714286,995.725357142857,16.6907857142857,0.0277349285714286,0.0231087142857143,-0.0649774285714286,0.093551,NA,NA,NA,0.105932642857143
"2018-03-18 23:00",1006.7323943662,1039.38028169014,1105.47887323944,1163.02112676056,6598.74647887324,2598.91549295775,99582.4647887324,1288.40845070423,1560.35211267606,4886.1338028169,28560.4929577465,7951.95774647887,670.774647887324,12.5281690140845,286.80985915493,248.802816901408,10.067323943662,10.3938028169014,11.0547887323944,11.6302112676056,0.953068028169014,-0.00249077464788732,995.824647887324,12.8840845070423,0.0344264084507042,0.0110054929577465,-0.0873651408450704,0.0684321830985915,NA,NA,NA,-0.00116788732394367
"2018-03-19 00:00",845.95,881.471428571429,952.042857142857,1012.67857142857,7898.87142857143,3656.47857142857,99587.7428571429,1129.64285714286,1723.37142857143,4481.35,32245.2857142857,6473.55,263.35,1.67857142857143,258.95,415.842857142857,8.4595,8.81471428571429,9.52042857142857,10.1267857142857,1.37237028571429,-0.00053435714285714,995.877428571429,11.2964285714286,0.0305932857142857,0.00539221428571428,-0.136418142857143,0.0641674285714286,NA,NA,NA,0.0166287142857143
"2018-03-19 01:00",776.208333333333,812.833333333333,883.75,944,6569.58333333333,1066.20833333333,99615.2916666667,1058.45833333333,1390.66666666667,4053.54166666667,27259.2916666667,6162.58333333333,258.208333333333,0.666666666666667,256.375,-59.125,7.76208333333333,8.12833333333333,8.8375,9.44,1.07682541666667,-0.00518541666666667,996.152916666667,10.5845833333333,0.0281208333333333,0.00603666666666667,-0.0672175,0.0327779166666667,NA,NA,NA,-0.0237225
"2018-03-19 02:00",773.2,816.8,895.2,957,7104,3837.6,99592.6,1066.4,1537.2,3708.8,29329.4,5926.6,256.8,0.2,250,430.2,7.732,8.168,8.952,9.57,1.207144,0.003178,995.926,10.664,0.023206,0.00276,-0.117722,0.064062,NA,NA,NA,0.001874
